{
    "$schema": "https://schema.management.azure.com/schemas/2015-01-01/deploymentParameters.json#",
    "contentVersion": "1.0.0.0",
    "parameters": {
        "subscriptionId": {
            "value": "2b5b24ae-28fc-4fdb-a937-86ff20244345"
        },
        "name": {
            "value": "az400learningv1"
        },
        "location": {
            "value": "Central US"
        },
        "hostingPlanName": {
            "value": "ASP-Az400V2drg-9d5b"
        },
        "serverFarmResourceGroup": {
            "value": "Az400V2drg"
        },
        "alwaysOn": {
            "value": false
        },
        "sku": {
            "value": "Free"
        },
        "skuCode": {
            "value": "F1"
        },
        "workerSize": {
            "value": "0"
        },
        "workerSizeId": {
            "value": "0"
        },
        "numberOfWorkers": {
            "value": "1"
        },
        "currentStack": {
            "value": "dotnet"
        },
        "phpVersion": {
            "value": "OFF"
        },
        "netFrameworkVersion": {
            "value": "v5.0"
        }
    }
}